date,country,continent,title,summary,url,source,category,confidence,validation
2025-11-27,,,"배틀그라운드 최상위 e스포츠 리그 뜬다...크래프톤, '펍지 유나이티드' 공개 - 테크M","<a href=""https://news.google.com/rss/articles/CBMiZkFVX3lxTE1sT3pNVlg3SG4wV1dsWkRsV2FRWEZ3S0pjcm9kWnFKU1pLczhzTDJVeWxzWVFfN0FuOTFRQjZXV0JRRkN1ZExTVHFJOV91ajlRUzZfY1JvTWFmRU1OQWgtWGdzOXZNQdIBakFVX3lxTE9mZTFzTGlqSnZyWlNXQlhKZHh1YTQwc2FENUNqVFAzMDBMNnE2SmtWeThnUnBSQnZFZ29vZFRiQm9HYWxCQ1lxbWNBZnVHRDg2OVFPM3BpUDc3VGx2ZGI1MW5sREZHVXRQMEE?oc=5"" target=""_blank"">배틀그라운드 최상위 e스포츠 리그 뜬다...크래프톤, '펍지 유나이티드' 공개</a>&nbsp;&nbsp;<font color=""#6f6f6f"">테크M</font>",https://news.google.com/rss/articles/CBMiZkFVX3lxTE1sT3pNVlg3SG4wV1dsWkRsV2FRWEZ3S0pjcm9kWnFKU1pLczhzTDJVeWxzWVFfN0FuOTFRQjZXV0JRRkN1ZExTVHFJOV91ajlRUzZfY1JvTWFmRU1OQWgtWGdzOXZNQdIBakFVX3lxTE9mZTFzTGlqSnZyWlNXQlhKZHh1YTQwc2FENUNqVFAzMDBMNnE2SmtWeThnUnBSQnZFZ29vZFRiQm9HYWxCQ1lxbWNBZnVHRDg2OVFPM3BpUDc3VGx2ZGI1MW5sREZHVXRQMEE?oc=5,테크M,gaming,,
2025-11-27,,,"크래프톤, 배틀그라운드 e스포츠 통합 프로젝트 'PUBG 유나이티드' 시동 - 뉴스핌","<a href=""https://news.google.com/rss/articles/CBMiXEFVX3lxTE41bDhzQXhJUjlWTWVER0NvX2NJTGNZWnJFRkpTV0VZUlBtZTdUMTRCUV8xMHBoMkgxMllYQVBvWUFfU05FRFYtRWVkSHdTdGhwbXJhTjFmZXNycGRw0gFeQVVfeXFMTS1TUGlVM2ZIZU1aSGgtTkhIUnYzYXR0blRvcnB6TDFjeDE3Q3JlY0xhY04zOGI3bE5GSDliSFhCUlBTRGhpcDRLck1vODBhNm5kMW9FUWdMQU9lUHBIdw?oc=5"" target=""_blank"">크래프톤, 배틀그라운드 e스포츠 통합 프로젝트 'PUBG 유나이티드' 시동</a>&nbsp;&nbsp;<font color=""#6f6f6f"">뉴스핌</font>",https://news.google.com/rss/articles/CBMiXEFVX3lxTE41bDhzQXhJUjlWTWVER0NvX2NJTGNZWnJFRkpTV0VZUlBtZTdUMTRCUV8xMHBoMkgxMllYQVBvWUFfU05FRFYtRWVkSHdTdGhwbXJhTjFmZXNycGRw0gFeQVVfeXFMTS1TUGlVM2ZIZU1aSGgtTkhIUnYzYXR0blRvcnB6TDFjeDE3Q3JlY0xhY04zOGI3bE5GSDliSFhCUlBTRGhpcDRLck1vODBhNm5kMW9FUWdMQU9lUHBIdw?oc=5,뉴스핌,gaming,,
2025-11-27,,,"크래프톤, 'PUBG UNITED' 스타트11…배그·배그 모바일 하나로 - 딜사이트","<a href=""https://news.google.com/rss/articles/CBMiWEFVX3lxTFBJYnhOUm80MWhsMUpoVmczeExQc19ZN1RkREhRSWVrR0lxVkl0US15aWJDelhQalJXR2xaMHhGUktfbzI1YUpqbnFHaTVZY28weE1jQkZoa3M?oc=5"" target=""_blank"">크래프톤, 'PUBG UNITED' 스타트11…배그·배그 모바일 하나로</a>&nbsp;&nbsp;<font color=""#6f6f6f"">딜사이트</font>",https://news.google.com/rss/articles/CBMiWEFVX3lxTFBJYnhOUm80MWhsMUpoVmczeExQc19ZN1RkREhRSWVrR0lxVkl0US15aWJDelhQalJXR2xaMHhGUktfbzI1YUpqbnFHaTVZY28weE1jQkZoa3M?oc=5,딜사이트,gaming,,
2025-11-27,,,"배틀그라운드 최상위 e스포츠 리그 뜬다...크래프톤, '펍지 유나이티드' 공개 - 테크M","<a href=""https://news.google.com/rss/articles/CBMiZkFVX3lxTE1sT3pNVlg3SG4wV1dsWkRsV2FRWEZ3S0pjcm9kWnFKU1pLczhzTDJVeWxzWVFfN0FuOTFRQjZXV0JRRkN1ZExTVHFJOV91ajlRUzZfY1JvTWFmRU1OQWgtWGdzOXZNQdIBakFVX3lxTE9mZTFzTGlqSnZyWlNXQlhKZHh1YTQwc2FENUNqVFAzMDBMNnE2SmtWeThnUnBSQnZFZ29vZFRiQm9HYWxCQ1lxbWNBZnVHRDg2OVFPM3BpUDc3VGx2ZGI1MW5sREZHVXRQMEE?oc=5"" target=""_blank"">배틀그라운드 최상위 e스포츠 리그 뜬다...크래프톤, '펍지 유나이티드' 공개</a>&nbsp;&nbsp;<font color=""#6f6f6f"">테크M</font>",https://news.google.com/rss/articles/CBMiZkFVX3lxTE1sT3pNVlg3SG4wV1dsWkRsV2FRWEZ3S0pjcm9kWnFKU1pLczhzTDJVeWxzWVFfN0FuOTFRQjZXV0JRRkN1ZExTVHFJOV91ajlRUzZfY1JvTWFmRU1OQWgtWGdzOXZNQdIBakFVX3lxTE9mZTFzTGlqSnZyWlNXQlhKZHh1YTQwc2FENUNqVFAzMDBMNnE2SmtWeThnUnBSQnZFZ29vZFRiQm9HYWxCQ1lxbWNBZnVHRDg2OVFPM3BpUDc3VGx2ZGI1MW5sREZHVXRQMEE?oc=5,테크M,gaming,,
2025-11-27,,,"'배그+배그모바일' 한 무대에서…크래프톤, e스포츠 통합 'PUBG 유나이티드' 공개 - 네이트","<a href=""https://news.google.com/rss/articles/CBMiU0FVX3lxTE1WTTliRmU0Ykc5d1VlWjduT0dtVzQxUEtxRm1nblBTVTZTUEZ0UFdJS25QbUlaMi1XelFycERwVXJ3VUttd3JrM0h1R2pfMENpd2d3?oc=5"" target=""_blank"">'배그+배그모바일' 한 무대에서…크래프톤, e스포츠 통합 'PUBG 유나이티드' 공개</a>&nbsp;&nbsp;<font color=""#6f6f6f"">네이트</font>",https://news.google.com/rss/articles/CBMiU0FVX3lxTE1WTTliRmU0Ykc5d1VlWjduT0dtVzQxUEtxRm1nblBTVTZTUEZ0UFdJS25QbUlaMi1XelFycERwVXJ3VUttd3JrM0h1R2pfMENpd2d3?oc=5,네이트,gaming,,
2025-11-27,,,Krafton Terminates AOD Service··· Was Nexon Lawsuit a Factor? - IT조선,"<a href=""https://news.google.com/rss/articles/CBMicEFVX3lxTFBMbE9Tc2dDS0dMSEJwMnZHTmc3LURvaVE5NjV3QTROTDZYdmw5aVRaam9NaWZUQTBIMFZuQmRaUUFkYnZRRTBfOGpudjlaY28wMzRxQ3YwNFhrZlQyM2JVT0lnUEhpUk5CSkd2NmI2UknSAXRBVV95cUxNb3dyOGlRaDh0V1NZY1B3cjFFbEJEYVVMaWJ4ekhMWFI2THRzLVhrV1hNVHdqR3R6cVZrRzlvTTJBN0xPamt3OHlSX3czd3ZhbFhNRXgyeFQ4QlN3LWt6SF9GM3pCRnJJTi05TkNua1FpOWpjRw?oc=5"" target=""_blank"">Krafton Terminates AOD Service··· Was Nexon Lawsuit a Factor?</a>&nbsp;&nbsp;<font color=""#6f6f6f"">IT조선</font>",https://news.google.com/rss/articles/CBMicEFVX3lxTFBMbE9Tc2dDS0dMSEJwMnZHTmc3LURvaVE5NjV3QTROTDZYdmw5aVRaam9NaWZUQTBIMFZuQmRaUUFkYnZRRTBfOGpudjlaY28wMzRxQ3YwNFhrZlQyM2JVT0lnUEhpUk5CSkd2NmI2UknSAXRBVV95cUxNb3dyOGlRaDh0V1NZY1B3cjFFbEJEYVVMaWJ4ekhMWFI2THRzLVhrV1hNVHdqR3R6cVZrRzlvTTJBN0xPamt3OHlSX3czd3ZhbFhNRXgyeFQ4QlN3LWt6SF9GM3pCRnJJTi05TkNua1FpOWpjRw?oc=5,IT조선,gaming,,
2025-11-27,,,PGC 2025 Co-Streamers - pubgesports.com,"<a href=""https://news.google.com/rss/articles/CBMiTEFVX3lxTE1XNnFkWVhaMTYxWk1jdjh2UllUc3A2VEd6TWlXZnBRZzc1dk1USzZtU1hwTU9BbkVNWS1DX01iaTBuRVNSdTRzZXNVbDI?oc=5"" target=""_blank"">PGC 2025 Co-Streamers</a>&nbsp;&nbsp;<font color=""#6f6f6f"">pubgesports.com</font>",https://news.google.com/rss/articles/CBMiTEFVX3lxTE1XNnFkWVhaMTYxWk1jdjh2UllUc3A2VEd6TWlXZnBRZzc1dk1USzZtU1hwTU9BbkVNWS1DX01iaTBuRVNSdTRzZXNVbDI?oc=5,pubgesports.com,gaming,,
2025-11-27,,,"크래프톤, 배틀그라운드 e스포츠 통합 프로젝트 ′PUBG 유나이티드′ 시동 - 알파경제","<a href=""https://news.google.com/rss/articles/CBMiXkFVX3lxTE1rN2RDZmg4bjRjcy1xejJFbkRIU2RwUU82endLOUhxWnQzbThJTVR0VzV2TFBtTklZSmMwX3BhQ2hGU3dCQ1pqY3hWdGF4c0gxV2VhQnNwMnNYWEZSSnfSAW5BVV95cUxQN2p5TFBFc1lEX01COS1HRjZjOFRHSkFDSGk5N01nbDlrZ1ZlR2F3V0NHczZjNFBRNkJ6OG84YmdlQTVnclhTXzBSYnNPem9xY09fWjZuSjB4QWRYYk9JamtfRVQ3VnVuZm1VOFJtZw?oc=5"" target=""_blank"">크래프톤, 배틀그라운드 e스포츠 통합 프로젝트 ′PUBG 유나이티드′ 시동</a>&nbsp;&nbsp;<font color=""#6f6f6f"">알파경제</font>",https://news.google.com/rss/articles/CBMiXkFVX3lxTE1rN2RDZmg4bjRjcy1xejJFbkRIU2RwUU82endLOUhxWnQzbThJTVR0VzV2TFBtTklZSmMwX3BhQ2hGU3dCQ1pqY3hWdGF4c0gxV2VhQnNwMnNYWEZSSnfSAW5BVV95cUxQN2p5TFBFc1lEX01COS1HRjZjOFRHSkFDSGk5N01nbDlrZ1ZlR2F3V0NHczZjNFBRNkJ6OG84YmdlQTVnclhTXzBSYnNPem9xY09fWjZuSjB4QWRYYk9JamtfRVQ3VnVuZm1VOFJtZw?oc=5,알파경제,gaming,,
2025-11-27,,,"배그와 배그 모바일이 만났다…펍지 유나이티드, 태국 방콕서 개최 - SBS Biz","<a href=""https://news.google.com/rss/articles/CBMiU0FVX3lxTE9scWoxNE8yLTl4a3h5c08tRUVzQUVqT3VzTmZDV2tjRDZ6XzhoSzZpZVFNU3N3LTNTdWhHWGhva2YzclI4UTJhVXdpbjhROGNEbC1j0gFYQVVfeXFMTnBSOVBMcGJJNTlLR2ZGdUN6WDBGVEZ0LXo4R25ELW5jczdvWEppdGlKakVFY285NHF1YThPWV9uN01lZGxnajExVDNiS3hnaFZicUlnd1ZqTg?oc=5"" target=""_blank"">배그와 배그 모바일이 만났다…펍지 유나이티드, 태국 방콕서 개최</a>&nbsp;&nbsp;<font color=""#6f6f6f"">SBS Biz</font>",https://news.google.com/rss/articles/CBMiU0FVX3lxTE9scWoxNE8yLTl4a3h5c08tRUVzQUVqT3VzTmZDV2tjRDZ6XzhoSzZpZVFNU3N3LTNTdWhHWGhva2YzclI4UTJhVXdpbjhROGNEbC1j0gFYQVVfeXFMTnBSOVBMcGJJNTlLR2ZGdUN6WDBGVEZ0LXo4R25ELW5jczdvWEppdGlKakVFY285NHF1YThPWV9uN01lZGxnajExVDNiS3hnaFZicUlnd1ZqTg?oc=5,SBS Biz,gaming,,
2025-11-27,USA,NORTH AMERICA,"크래프톤, PUBG e스포츠 새 장 연다…PGC·PMGC 한 무대서 세계 최초 동시 개최 - 일요주간","<a href=""https://news.google.com/rss/articles/CBMieEFVX3lxTE9OWFhKbnpjSHdwUkFBTWRiMFNHZ01IM2Jab1hpLTZMWFZRQVYtamotQl9Ra1JVUHgwQkFuUGJvVXlJTkt2YW5sQzl2ZEs1YUNrV1dTdU52UWVrOHhLNW5qNFJPcVFYNnUtZkVIelAxSlRDR196OHBKZA?oc=5"" target=""_blank"">크래프톤, PUBG e스포츠 새 장 연다…PGC·PMGC 한 무대서 세계 최초 동시 개최</a>&nbsp;&nbsp;<font color=""#6f6f6f"">일요주간</font>",https://news.google.com/rss/articles/CBMieEFVX3lxTE9OWFhKbnpjSHdwUkFBTWRiMFNHZ01IM2Jab1hpLTZMWFZRQVYtamotQl9Ra1JVUHgwQkFuUGJvVXlJTkt2YW5sQzl2ZEs1YUNrV1dTdU52UWVrOHhLNW5qNFJPcVFYNnUtZkVIelAxSlRDR196OHBKZA?oc=5,일요주간,gaming,,
2025-11-26,,,PGC 2025 Official Broadcasting Channels - 뉴스 - pubgesports.com,"<a href=""https://news.google.com/rss/articles/CBMiTEFVX3lxTFBLZjRNUEdKRDlPTVhvLW42QWp6VXo3eEJlUGJPN0FaclZ0clIxZjZaS181cG5Hc0RMQTY1VDhWbjJkUjNsdlpyOTUxaTE?oc=5"" target=""_blank"">PGC 2025 Official Broadcasting Channels - 뉴스</a>&nbsp;&nbsp;<font color=""#6f6f6f"">pubgesports.com</font>",https://news.google.com/rss/articles/CBMiTEFVX3lxTFBLZjRNUEdKRDlPTVhvLW42QWp6VXo3eEJlUGJPN0FaclZ0clIxZjZaS181cG5Hc0RMQTY1VDhWbjJkUjNsdlpyOTUxaTE?oc=5,pubgesports.com,gaming,,
2025-11-26,,,"R8, 154점으로 The Gauntlet 1위…DRX 그룹스테이지行 (2025 PMGC) [종합] - xportsnews.com","<a href=""https://news.google.com/rss/articles/CBMiVEFVX3lxTFAtaFpiWXZ1TmRQM3FKU0R1eDZIVjU0SE9BZGloMzA2MXlJQ2N3Y25sd1ZzaFk1MFo0Vk9GamNLeTM1a2ZRUlMzdnM4cGJiaDFIa0N3bw?oc=5"" target=""_blank"">R8, 154점으로 The Gauntlet 1위…DRX 그룹스테이지行 (2025 PMGC) [종합]</a>&nbsp;&nbsp;<font color=""#6f6f6f"">xportsnews.com</font>",https://news.google.com/rss/articles/CBMiVEFVX3lxTFAtaFpiWXZ1TmRQM3FKU0R1eDZIVjU0SE9BZGloMzA2MXlJQ2N3Y25sd1ZzaFk1MFo0Vk9GamNLeTM1a2ZRUlMzdnM4cGJiaDFIa0N3bw?oc=5,xportsnews.com,gaming,,
2025-11-26,,,BATTLEGROUNDS 주간 제재 현황 안내 (11/17~11/23) - 뉴스 - PUBG: 배틀그라운드 - PUBG: BATTLEGROUNDS,"<a href=""https://news.google.com/rss/articles/CBMiQ0FVX3lxTFBZZm9TZm9FLUtZa09GaXdNemlGbHRvMTFHdnlSalN1cXdrUzM0cDQ3ZG51TlJpeVRmWjhtYURTYU51UEk?oc=5"" target=""_blank"">BATTLEGROUNDS 주간 제재 현황 안내 (11/17~11/23) - 뉴스 - PUBG: 배틀그라운드</a>&nbsp;&nbsp;<font color=""#6f6f6f"">PUBG: BATTLEGROUNDS</font>",https://news.google.com/rss/articles/CBMiQ0FVX3lxTFBZZm9TZm9FLUtZa09GaXdNemlGbHRvMTFHdnlSalN1cXdrUzM0cDQ3ZG51TlJpeVRmWjhtYURTYU51UEk?oc=5,PUBG: BATTLEGROUNDS,gaming,,
2025-11-26,,,펍지 글로벌 챔피언십 2025 공식 중계 채널 안내 - 뉴스 - PUBG: 배틀그라운드 - PUBG: BATTLEGROUNDS,"<a href=""https://news.google.com/rss/articles/CBMiQ0FVX3lxTE1oTGhpQWdoaVNEQnhNWnRPSFFJbk1lbHJLMzRfT1FKZmlidnJYdG5kT3Z1dGNuUXZ4cFJyVkNhMmxpb3c?oc=5"" target=""_blank"">펍지 글로벌 챔피언십 2025 공식 중계 채널 안내 - 뉴스 - PUBG: 배틀그라운드</a>&nbsp;&nbsp;<font color=""#6f6f6f"">PUBG: BATTLEGROUNDS</font>",https://news.google.com/rss/articles/CBMiQ0FVX3lxTE1oTGhpQWdoaVNEQnhNWnRPSFFJbk1lbHJLMzRfT1FKZmlidnJYdG5kT3Z1dGNuUXZ4cFJyVkNhMmxpb3c?oc=5,PUBG: BATTLEGROUNDS,gaming,,
2025-11-26,,,"크래프톤, 글로벌 e스포츠 통합 프로젝트 'PUBG UNITED' 공개 - 네이트","<a href=""https://news.google.com/rss/articles/CBMiU0FVX3lxTE01akhDX0Zpd21NVjJXaGhLMEFYN3BaQVdjbEtUY0xXREt2RmpTbUk4dGZxRGxzN1Vzbk9HYnNWSDdUWExlRV94VzQwbDdMMWZDY1h3?oc=5"" target=""_blank"">크래프톤, 글로벌 e스포츠 통합 프로젝트 'PUBG UNITED' 공개</a>&nbsp;&nbsp;<font color=""#6f6f6f"">네이트</font>",https://news.google.com/rss/articles/CBMiU0FVX3lxTE01akhDX0Zpd21NVjJXaGhLMEFYN3BaQVdjbEtUY0xXREt2RmpTbUk4dGZxRGxzN1Vzbk9HYnNWSDdUWExlRV94VzQwbDdMMWZDY1h3?oc=5,네이트,gaming,,
2025-11-25,,,"TT, 120점으로 The Gauntlet 2일 차에도1위…DRX 9위 (2025 PMGC) [종합] - 네이트","<a href=""https://news.google.com/rss/articles/CBMiU0FVX3lxTE5vQjZJZEJQNWd3RV9PcjhtbUhXNWdBZEZUSE1HYnlBQlJhaFdtVzdMeUtqYS10Qmt6Skt3eUZTbW44MWZMYmZ5eUNGQ3k3NV9NZGNn?oc=5"" target=""_blank"">TT, 120점으로 The Gauntlet 2일 차에도1위…DRX 9위 (2025 PMGC) [종합]</a>&nbsp;&nbsp;<font color=""#6f6f6f"">네이트</font>",https://news.google.com/rss/articles/CBMiU0FVX3lxTE5vQjZJZEJQNWd3RV9PcjhtbUhXNWdBZEZUSE1HYnlBQlJhaFdtVzdMeUtqYS10Qmt6Skt3eUZTbW44MWZMYmZ5eUNGQ3k3NV9NZGNn?oc=5,네이트,gaming,,
2025-11-25,,,"크래프톤 정글, 내달 6일 ‘2026 정글 통합 설명회’ 개최 - 크래프톤","<a href=""https://news.google.com/rss/articles/CBMitgJBVV95cUxNS1ZnUjNRMTVNcjFrZFFjMVJwLVNNTEtNU1NjRjhLX0I3MFZIc05La0l1NW53YjZVODNUVEFMT2pfSDREMmJ4eXJVekFBUjRPSVVtbUlDcnVQWEpYMXNvUElpUmgybC1ncHhleGRrOGg3WUQ4QXpKbUhmaVIzRHotVVMxUFk0OFVBeFBTbnl2N2dBbENwUW9fUE83b1FBYjV4WVlKZHZzSkhMVUJ3dEJKYnk5NGQzc1k0WGFmRm1IeDVMbExVQWppRnp4b2NQT0tHS3c4djlxYmw0c0szXzAwNkN0M0FlLVE4R3VFOUpLOWF5TjB2empVX1FER294TnJwdWFUSDZkZXZTTzBPSzNVWDlDT2cxczVpZzFYU2FFQmdtR3pvN3NWRWMwbVROYVJ6a3QtWVJn?oc=5"" target=""_blank"">크래프톤 정글, 내달",https://news.google.com/rss/articles/CBMitgJBVV95cUxNS1ZnUjNRMTVNcjFrZFFjMVJwLVNNTEtNU1NjRjhLX0I3MFZIc05La0l1NW53YjZVODNUVEFMT2pfSDREMmJ4eXJVekFBUjRPSVVtbUlDcnVQWEpYMXNvUElpUmgybC1ncHhleGRrOGg3WUQ4QXpKbUhmaVIzRHotVVMxUFk0OFVBeFBTbnl2N2dBbENwUW9fUE83b1FBYjV4WVlKZHZzSkhMVUJ3dEJKYnk5NGQzc1k0WGFmRm1IeDVMbExVQWppRnp4b2NQT0tHS3c4djlxYmw0c0szXzAwNkN0M0FlLVE4R3VFOUpLOWF5TjB2empVX1FER294TnJwdWFUSDZkZXZTTzBPSzNVWDlDT2cxczVpZzFYU2FFQmdtR3pvN3NWRWMwbVROYVJ6a3QtWVJn?oc=5,크래프톤,gaming,,
2025-11-25,,,KRAFTON Aims to Capture the Original Charm with 'Palworld Mobile' - 게임뷰,"<a href=""https://news.google.com/rss/articles/CBMiakFVX3lxTE1tdkJnejVPNEV3VTQ5YjlRd2h6dE5IOTZndGdIcGhtRWg3S2xyVmM0NVEwTFBabThETDRYUFdyeUlES3UyekdvM0JCaTVKZVdieFJGR1BHei1nWGYyNVZLZWppRWR2RnEwSVE?oc=5"" target=""_blank"">KRAFTON Aims to Capture the Original Charm with 'Palworld Mobile'</a>&nbsp;&nbsp;<font color=""#6f6f6f"">게임뷰</font>",https://news.google.com/rss/articles/CBMiakFVX3lxTE1tdkJnejVPNEV3VTQ5YjlRd2h6dE5IOTZndGdIcGhtRWg3S2xyVmM0NVEwTFBabThETDRYUFdyeUlES3UyekdvM0JCaTVKZVdieFJGR1BHei1nWGYyNVZLZWppRWR2RnEwSVE?oc=5,게임뷰,gaming,,
2025-11-25,USA,NORTH AMERICA,"크래프톤, 2025 PMGC 개막...PC·모바일 통합 글로벌 e스포츠 시대 연다 - 일요주간","<a href=""https://news.google.com/rss/articles/CBMieEFVX3lxTE9tcE5qem9abldEcnVTM1FOX1NWT2xjd0xXVlBKZzZJNmRiLXQtbDN4cGdibGszTnlxZHgzcHc0R2ZwUE93SWVjVzVNSndLYWlRM3QzcHFmMU1DS2c0Z2Vtc1FUaU9zYWFKWmhEMFZ4VjE0cXpKaFJwaA?oc=5"" target=""_blank"">크래프톤, 2025 PMGC 개막...PC·모바일 통합 글로벌 e스포츠 시대 연다</a>&nbsp;&nbsp;<font color=""#6f6f6f"">일요주간</font>",https://news.google.com/rss/articles/CBMieEFVX3lxTE9tcE5qem9abldEcnVTM1FOX1NWT2xjd0xXVlBKZzZJNmRiLXQtbDN4cGdibGszTnlxZHgzcHc0R2ZwUE93SWVjVzVNSndLYWlRM3QzcHFmMU1DS2c0Z2Vtc1FUaU9zYWFKWmhEMFZ4VjE0cXpKaFJwaA?oc=5,일요주간,gaming,,
2025-11-24,,,KRAFTON to Hold Closed Alpha Test for “PUBG: Black Budget” in December - 인포스탁데일리,"<a href=""https://news.google.com/rss/articles/CBMidkFVX3lxTFBDZzdtU0JYZjlsaTFHYUQwRlBacHF0SXhDZ3RfQVA2bjl2MVVTY2d5eXdCdHROYXJLWlh1V2lSTUVuV3E4bUktS0F4N0NwNHZoQmVUanRsZC1hRHI3QjJIQm45eUc5SnpJc2RJMEN2S01zZnV0blE?oc=5"" target=""_blank"">KRAFTON to Hold Closed Alpha Test for “PUBG: Black Budget” in December</a>&nbsp;&nbsp;<font color=""#6f6f6f"">인포스탁데일리</font>",https://news.google.com/rss/articles/CBMidkFVX3lxTFBDZzdtU0JYZjlsaTFHYUQwRlBacHF0SXhDZ3RfQVA2bjl2MVVTY2d5eXdCdHROYXJLWlh1V2lSTUVuV3E4bUktS0F4N0NwNHZoQmVUanRsZC1hRHI3QjJIQm45eUc5SnpJc2RJMEN2S01zZnV0blE?oc=5,인포스탁데일리,gaming,,
2025-11-24,,,"배틀그라운드 모바일, 최상위 국제 e스포츠 대회 ‘2025 PMGC’ 개 - 디스이즈게임","<a href=""https://news.google.com/rss/articles/CBMiY0FVX3lxTE80WFZEY1k1cDhQWjJoQ0NxVUZSNW5Wa0dQdnY5bE9DUjlQLWpWMXo0U2dTajhwZGEzWUFkZ3U3UktoSmJOdEVvSTNDQWlmZi1KY0UzcHYxWGVnX21MZktQU3FaWQ?oc=5"" target=""_blank"">배틀그라운드 모바일, 최상위 국제 e스포츠 대회 ‘2025 PMGC’ 개</a>&nbsp;&nbsp;<font color=""#6f6f6f"">디스이즈게임</font>",https://news.google.com/rss/articles/CBMiY0FVX3lxTE80WFZEY1k1cDhQWjJoQ0NxVUZSNW5Wa0dQdnY5bE9DUjlQLWpWMXo0U2dTajhwZGEzWUFkZ3U3UktoSmJOdEVvSTNDQWlmZi1KY0UzcHYxWGVnX21MZktQU3FaWQ?oc=5,디스이즈게임,gaming,,
2025-11-24,,,"배틀그라운드 모바일, 최상위 국제 e스포츠 대회 ‘2025 PMGC’ 개막 - 크래프톤","<a href=""https://news.google.com/rss/articles/CBMixgJBVV95cUxOWEVkdEZZbm52MTF0NGpHeWU5N3BOUHhGRFQxazl1Z09yMUJpN25XenY3WC13MHFLZ2J5dld2TFBibERjMXpLU3IwTzlaNmhjRmI0cDJSSEhPQlExNlIwR3JFRXFWZkhPUjZCdWtNNmZEa3diMTRsUXMwYjR1OHcwSkczbHRwREhUbGUtcTlZQkhxVm0zSnd4c005QzluMlhTbXh2M2x4SGFfb0o2TU1JNUNmblZ5dXlfYTZFd0QtcVJPbk1GYTlXeW1nTEUtMXdLbGRlWnJsSWNCYUV0OUtHT3F6YTdBSmZQTEJWQmV0QjZoMTFsaW1Jbk5DcHBhY25SLW81OHdSYUluNnB6ajRwZFB5UUJ1LXZzVHVWNWdSb2pmdkRtQXFOS2xYaXZObVdFUXBDbV95djh3bHA5YVcxM1QxdWRTQQ?oc=5"" targe",https://news.google.com/rss/articles/CBMixgJBVV95cUxOWEVkdEZZbm52MTF0NGpHeWU5N3BOUHhGRFQxazl1Z09yMUJpN25XenY3WC13MHFLZ2J5dld2TFBibERjMXpLU3IwTzlaNmhjRmI0cDJSSEhPQlExNlIwR3JFRXFWZkhPUjZCdWtNNmZEa3diMTRsUXMwYjR1OHcwSkczbHRwREhUbGUtcTlZQkhxVm0zSnd4c005QzluMlhTbXh2M2x4SGFfb0o2TU1JNUNmblZ5dXlfYTZFd0QtcVJPbk1GYTlXeW1nTEUtMXdLbGRlWnJsSWNCYUV0OUtHT3F6YTdBSmZQTEJWQmV0QjZoMTFsaW1Jbk5DcHBhY25SLW81OHdSYUluNnB6ajRwZFB5UUJ1LXZzVHVWNWdSb2pmdkRtQXFOS2xYaXZObVdFUXBDbV95djh3bHA5YVcxM1QxdWRTQQ?oc=5,크래프톤,gaming,,
2025-11-24,,,"배틀그라운드 모바일, 최상위 국제 e스포츠 대회 ‘2025 PMGC’ 개막 - 크래프톤","<a href=""https://news.google.com/rss/articles/CBMixgJBVV95cUxOWEVkdEZZbm52MTF0NGpHeWU5N3BOUHhGRFQxazl1Z09yMUJpN25XenY3WC13MHFLZ2J5dld2TFBibERjMXpLU3IwTzlaNmhjRmI0cDJSSEhPQlExNlIwR3JFRXFWZkhPUjZCdWtNNmZEa3diMTRsUXMwYjR1OHcwSkczbHRwREhUbGUtcTlZQkhxVm0zSnd4c005QzluMlhTbXh2M2x4SGFfb0o2TU1JNUNmblZ5dXlfYTZFd0QtcVJPbk1GYTlXeW1nTEUtMXdLbGRlWnJsSWNCYUV0OUtHT3F6YTdBSmZQTEJWQmV0QjZoMTFsaW1Jbk5DcHBhY25SLW81OHdSYUluNnB6ajRwZFB5UUJ1LXZzVHVWNWdSb2pmdkRtQXFOS2xYaXZObVdFUXBDbV95djh3bHA5YVcxM1QxdWRTQQ?oc=5"" targe",https://news.google.com/rss/articles/CBMixgJBVV95cUxOWEVkdEZZbm52MTF0NGpHeWU5N3BOUHhGRFQxazl1Z09yMUJpN25XenY3WC13MHFLZ2J5dld2TFBibERjMXpLU3IwTzlaNmhjRmI0cDJSSEhPQlExNlIwR3JFRXFWZkhPUjZCdWtNNmZEa3diMTRsUXMwYjR1OHcwSkczbHRwREhUbGUtcTlZQkhxVm0zSnd4c005QzluMlhTbXh2M2x4SGFfb0o2TU1JNUNmblZ5dXlfYTZFd0QtcVJPbk1GYTlXeW1nTEUtMXdLbGRlWnJsSWNCYUV0OUtHT3F6YTdBSmZQTEJWQmV0QjZoMTFsaW1Jbk5DcHBhY25SLW81OHdSYUluNnB6ajRwZFB5UUJ1LXZzVHVWNWdSb2pmdkRtQXFOS2xYaXZObVdFUXBDbV95djh3bHA5YVcxM1QxdWRTQQ?oc=5,크래프톤,gaming,,
2025-11-24,,,"크래프톤, '배틀그라운드 모바일' 최상위 국제 e스포츠 대회 '2025 PMGC' 개막 - 청년일보","<a href=""https://news.google.com/rss/articles/CBMiZ0FVX3lxTFBTX0lQejQ1NXllSXhPV2gzMlh5MXFKOHBFTjNRc1BZU1l5bVVoVXFYRlRWTUdWQl82ZWhFcHB6VGZkTnp3N0F3YnZjbm90YUtMLTRtM2FFRHVhYmxUR1JkaldSOXUwY2M?oc=5"" target=""_blank"">크래프톤, '배틀그라운드 모바일' 최상위 국제 e스포츠 대회 '2025 PMGC' 개막</a>&nbsp;&nbsp;<font color=""#6f6f6f"">청년일보</font>",https://news.google.com/rss/articles/CBMiZ0FVX3lxTFBTX0lQejQ1NXllSXhPV2gzMlh5MXFKOHBFTjNRc1BZU1l5bVVoVXFYRlRWTUdWQl82ZWhFcHB6VGZkTnp3N0F3YnZjbm90YUtMLTRtM2FFRHVhYmxUR1JkaldSOXUwY2M?oc=5,청년일보,gaming,,
2025-11-24,,,"크래프톤, 신작 ‘PUBG: 블랙 버짓’ 12월 첫 알파 테스트 실시 - 매드클럽","<a href=""https://news.google.com/rss/articles/CBMia0FVX3lxTFBYYjZpbnZfTUpGTWxVUlRHNi0wZUp1YUlIR0RFcDhkd0dZb2xfYTZ3YWNiYVVUaDVuZ2w4ZmZ5NUFLU3JvT1M4aVh1MmRYdlM3aTBnM201NnN5YnNBR0ZiWWZWOHlqZnVXeWlJ0gFuQVVfeXFMTW1VV2lwUEpLdENjNjgtSHlmVW5RY2VtTEd1Tkc3SjF3alkzUVdxZUo4Rmp0a0I5SzlpQkVIRUpaajBwVXg2QjJ6d0s2ZWJ4cGpNMFdxU3BFVTg3eGc0R1FhT3Jobi0yQVhSakdhY3c?oc=5"" target=""_blank"">크래프톤, 신작 ‘PUBG: 블랙 버짓’ 12월 첫 알파 테스트 실시</a>&nbsp;&nbsp;<font color=""#6f6f6f"">매드클럽</font>",https://news.google.com/rss/articles/CBMia0FVX3lxTFBYYjZpbnZfTUpGTWxVUlRHNi0wZUp1YUlIR0RFcDhkd0dZb2xfYTZ3YWNiYVVUaDVuZ2w4ZmZ5NUFLU3JvT1M4aVh1MmRYdlM3aTBnM201NnN5YnNBR0ZiWWZWOHlqZnVXeWlJ0gFuQVVfeXFMTW1VV2lwUEpLdENjNjgtSHlmVW5RY2VtTEd1Tkc3SjF3alkzUVdxZUo4Rmp0a0I5SzlpQkVIRUpaajBwVXg2QjJ6d0s2ZWJ4cGpNMFdxU3BFVTg3eGc0R1FhT3Jobi0yQVhSakdhY3c?oc=5,매드클럽,gaming,,
2023-10-25,South Korea,ASIA,Krafton Launches PUBG Mobile Season Update with New Features,"Krafton has rolled out a significant update for PUBG Mobile, introducing new gameplay features and limited-time events. This update aims to enhance user engagement and attract new players to the game.",https://example.com/pubg-mobile-season-update,Gaming News Daily,gaming,medium,OpenAI only
2023-10-25,Brazil,SOUTH AMERICA,PUBG Mobile Brasil: Como a nova atualização está impactando a cena competitiva,A nova atualização de PUBG Mobile trouxe mudanças significativas que estão afetando a competitividade no Brasil. Jogadores e equipes estão se adaptando às novas mecânicas e mapas.,https://www.exemplo.com/noticia1,Exemplo News,gaming,medium,OpenAI only
2023-10-24,,,PUBG Mobile's Esports Scene Expands with New Tournaments by Krafton,"Krafton announced the launch of additional esports tournaments for PUBG Mobile, providing a platform for competitive players and teams. This move is expected to boost player participation and viewership.",https://example.com/pubg-mobile-esports-tournaments,Esports Insider,gaming,medium,OpenAI only
2023-10-24,Brazil,SOUTH AMERICA,Torneio de PUBG Mobile Brasil atrai milhares de espectadores,"Um torneio recente de PUBG Mobile no Brasil conseguiu atrair uma audiência massiva, destacando a popularidade do jogo no país. As equipes locais mostraram desempenho impressionante.",https://www.exemplo.com/noticia2,Gamer Brasil,gaming,medium,OpenAI only
2023-10-23,,,Krafton's PUBG Mobile Receives Positive Feedback on Recent Update,"The latest update to PUBG Mobile has been well-received by players, with many praising the new mechanics and quality-of-life improvements. The positive reception could lead to a surge in active users.",https://example.com/pubg-mobile-update-feedback,GameSpot,gaming,medium,OpenAI only
2023-10-23,Brazil,SOUTH AMERICA,PUBG Mobile Brasil lança nova campanha promocional com influenciadores,"Uma nova campanha de marketing envolvendo influenciadores populares no Brasil foi lançada para promover PUBG Mobile, visando aumentar o engajamento dos jogadores.",https://www.exemplo.com/noticia3,Tech News Brasil,gaming,medium,OpenAI only
2023-10-22,Brazil,SOUTH AMERICA,Desenvolvedores de PUBG Mobile falam sobre o futuro do jogo no Brasil,"Em uma entrevista recente, os desenvolvedores de PUBG Mobile discutiram planos futuros para o jogo no Brasil, incluindo novas funcionalidades e suporte a eventos locais.",https://www.exemplo.com/noticia4,Jornal do Gamer,gaming,medium,OpenAI only
2023-10-22,,,Krafton Partners with Influencers for PUBG Mobile Marketing,Krafton has begun collaborating with popular gaming influencers to promote PUBG Mobile's latest updates and events. This strategy aims to reach a broader audience and enhance the game's visibility.,https://example.com/pubg-mobile-influencer-campaign,Influencer Marketing Hub,gaming,medium,OpenAI only
2023-10-21,,,PUBG Mobile Celebrates Milestone with In-Game Events by Krafton,"To celebrate a major milestone, Krafton announced a series of in-game events for PUBG Mobile, enticing players with rewards and challenges. This initiative is expected to increase user engagement.",https://example.com/pubg-mobile-milestone-events,PC Gamer,gaming,medium,OpenAI only
2023-10-21,Brazil,SOUTH AMERICA,PUBG Mobile Brasil: O impacto das atualizações de gameplay nos streamers,As recentes atualizações de gameplay em PUBG Mobile têm afetado diretamente a forma como os streamers brasileiros jogam e interagem com seus públicos.,https://www.exemplo.com/noticia5,Streamers Brasil,gaming,medium,OpenAI only
2023-10-20,,,"PUBG Mobile 글로벌 대회, 새로운 시즌 시작","PUBG Mobile의 새로운 시즌이 시작되며, 글로벌 대회가 함께 진행된다. 이 대회는 전 세계의 프로팀들이 참가하여 상금을 놓고 경쟁한다.",https://www.example.com/pubg-global-tournament-2023,게임뉴스,gaming,medium,OpenAI only
2023-10-19,,,"Battlegrounds Mobile, 신규 업데이트로 사용자 반응 상승","최근 Battlegrounds Mobile의 업데이트가 출시되었으며, 새로운 맵과 아이템이 추가되어 사용자들의 긍정적인 반응을 얻고 있다.",https://www.example.com/battlegrounds-mobile-update,게임 리뷰,gaming,medium,OpenAI only
2023-10-18,,,"PUBG Mobile, e스포츠 대회 중계 시청자 수 급증","PUBG Mobile의 e스포츠 대회가 온라인에서 중계되며, 시청자 수가 급증하고 있다. 특히 젊은 층의 관심이 높아지고 있다.",https://www.example.com/pubg-esports-viewership,e스포츠 뉴스,gaming,medium,OpenAI only
2023-10-17,,,"Battlegrounds Mobile, 신규 시즌 이벤트 발표","Battlegrounds Mobile에서 새로운 시즌 이벤트를 발표하며, 유저들이 참여할 수 있는 다양한 미션과 보상이 제공된다.",https://www.example.com/battlegrounds-mobile-season-event,모바일 게임 뉴스,gaming,medium,OpenAI only
2023-10-16,,,"PUBG Mobile, 새로운 캐릭터 출시로 사용자 반응 활발","PUBG Mobile에서 새로운 캐릭터가 출시되었으며, 사용자들이 이를 체험해보려는 반응이 활발하다.",https://www.example.com/pubg-new-character-release,게임 트렌드,gaming,medium,OpenAI only
